Dougherty,Antwan,ADough556PhiFR
Knox,Patrick,PKnoxx539ArtSR
Parrish,Shane,SParri474GerSO
Kerr,Jerome,JKerrx130JouSR
Foley,Adriel,AFoley752AviJR
Wagner,Seamus,SWagne837EleSR
Hobbs,Ashton,AHobbs844UrbFR
Petty,Evie,EPetty205PubSO
Myers,Leandro,LMyers183CouSR
Roberts,Julia,JRober830LibFR
Brandt,Lukas,LBrand112MedFR
Livingston,Alani,ALivin006UrbSO
Peterson,Jamiya,JPeter639MedJR
Roy,Kirsten,KRoyxx825ManFR
Copeland,Johnny,JCopel583IntFR
Wong,Amirah,AWongx533CreSO
Kline,Luciano,LKline201CybSO
Joseph,Lance,LJosep641BioSR
Rangel,Paula,PRange431NeuSR
Massey,Jamie,JMasse853MusSR
Rubio,Karli,KRubio755ExeSR
Mcguire,Ellis,EMcgui534ConJR
Oliver,Madyson,MOlive668SecFR
Fry,Serenity,SFryxx411EleJR
Leon,Jaliyah,JLeonx981GeoSO
Guerrero,Parker,PGuerr247PolFR
Kemp,Milagros,MKempx897AviSR
Garza,Aniya,AGarza601EduFR
Roberts,Zoe,ZRober528TheSO
Chan,Ryder,RChanx239ComSR
Norton,Antonio,ANorto172MusSR
Kim,Jazlene,JKimxx224ComJR
Cox,America,ACoxxx781AviSR
Rogers,Colby,CRoger208SocSR
Conrad,Stella,SConra746BioSO
Mccullough,Micheal,MMccul223HeaSR
Hardy,Kolby,KHardy119MusJR
Tapia,Sophia,STapia838CheFR
Jacobson,Addison,AJacob891ConJR
Terrell,Aimee,ATerre390EmeFR
Cannon,Abagail,ACanno376AviFR
Conrad,Donald,DConra782ManJR
Medina,Tiana,TMedin667EduJR
Vasquez,Edwin,EVasqu466SecSO
Mcclain,Sofia,SMccla732PubSR
Nash,Braylon,BNashx498InfFR
Buchanan,Chaya,CBucha425ForSR
Juarez,Charlize,CJuare304RelSR
Yu,Xzavier,XYuxxx036GerSO
Kent,Timothy,TKentx916JouFR
Jones,Bailee,BJones121BioSR
Hoover,Elizabeth,EHoove898EngFR
Ramos,Jaida,JRamos123AviSR
Livingston,Perla,PLivin240ConSR
Simpson,Shayna,SSimps529EmeSO
Dawson,Jan,JDawso556WriJR
Huffman,Aryana,AHuffm629MulSO
Fernandez,Hillary,HFerna684WomJR
Barnes,Hillary,HBarne360ComFR
Parks,Kayla,KParks990EcoSR
Murphy,Todd,TMurph455SchFR
Kelley,Melissa,MKelle398ArcSR
Gross,Abbigail,AGross563AthSO
Benton,Alina,ABento825SpeSO
Klein,Jadon,JKlein317ComSO
Love,Saul,SLovex880InfSO
Galvan,Ingrid,IGalva204NeuFR
Logan,Zachery,ZLogan143KinFR
Singleton,Rubi,RSingl219SocSO
Esparza,Emiliano,EEspar346ManJR
Salazar,Sierra,SSalaz642CouFR
Blair,Ashlyn,ABlair906AccSR
Barrera,Destiney,DBarre582ComJR
Good,Armani,AGoodx042BioFR
Mcneil,Maximus,MMcnei765CreJR
Peters,Jalen,JPeter543AthJR
Preston,Chana,CPrest732InfSR
Simmons,Asia,ASimmo665MusFR
Mccarty,Ronan,RMccar097BioSO
Mitchell,Adrianna,AMitch124ArcFR
Evans,Molly,MEvans887HisSR
Mcclure,Lilah,LMcclu119SchSR
Riddle,Lola,LRiddl430PsyJR
Novak,Khloe,KNovak114SocJR
Harding,Elyse,EHardi535LitSR
Clark,Aditya,AClark822MatFR
Patterson,Alvin,APatte967EduSR
Benson,Deegan,DBenso951ForFR
Mcbride,Aaron,AMcbri611EngSR
West,Lilyana,LWestx516AccSO
Liu,Connor,CLiuxx936CriSO
Camacho,Asher,ACamac735PolSO
Hancock,Myles,MHanco239MatSO
Cook,Asher,ACookx286GerSO
Tanner,Cale,CTanne834PolSO
Hester,Trent,THeste168WriSO
Romero,Cristofer,CRomer870BlaSO
Caldwell,Maren,MCaldw745AccSO
Long,Matthew,MLongx733CivFR
Booker,Remington,RBooke222TheJR
